class,Sink,Sink
label,HD,ED
source,heat_balance,electrical_balance
target,HD,ED
attribute,actual_value,variable_costs
,,
,0.417263796375,-40.1675
,0.799090668475,-38.0125
,0.7340094943000001,-49.77
,0.65674023645,-49.385000000000005
,0.7536586813,-55.6525
,0.515655206225,-40.7425
,0.48742957165,-44.24
,0.8334397394999999,-41.7975
,0.80086428135,-56.7475
,0.719416239975,-56.825
,0.8127791703499999,-65.6725
,0.584632792125,-49.805
,0.46721131985000003,-41.62500000000001
,0.7988692178250001,-42.3825
,0.76764496785,-60.44
,0.6895753366,-62.285
,0.7790656352499999,-71.0975
,0.560382615825,-55.004999999999995
,0.46721131985000003,-42.4875
,0.7988692178250001,-41.2275
,0.76764496785,-61.735
,0.6895753366,-64.49
,0.7790656352499999,-71.3625
,0.560382615825,-51.7625
,0.5063868414,-41.65
,0.86585414925,-40.1125
,0.832011755775,-61.417500000000004
,0.747396010575,-65.73750000000001
,0.8443900424749999,-76.0
,0.607370520975,-53.8025
,0.48742957165,-40.1225
,0.8334397394999999,-30.122499999999995
,0.80086428135,-44.97
,0.719416239975,-41.5625
,0.8127791703499999,-61.2525
,0.584632792125,-58.7575
,0.417263796375,-11.1925
,0.799090668475,-13.52
,0.7340094943000001,-40.980000000000004
,0.65674023645,-47.345
,0.7536586813,-58.6225
,0.515655206225,-52.5775
,0.35131303947500003,-24.659999999999997
,0.6727901484250001,-15.094999999999999
,0.6179953990999999,-42.557500000000005
,0.552938957575,-42.9725
,0.634538927825,-52.315
,0.43415316485,-41.4525
,0.46721131985000003,-42.0875
,0.7988692178250001,-44.52
,0.76764496785,-59.792500000000004
,0.6895753366,-56.37
,0.7790656352499999,-63.725
,0.560382615825,-50.3175
,0.3279326584,-43.685
,0.6280150098999999,-46.3975
,0.576866928825,-67.38999999999999
,0.516140085625,-63.325
,0.5923094622,-67.235
,0.40525965592499996,-51.765
,0.417263796375,-47.245
,0.799090668475,-53.66
,0.7340094943000001,-77.845
,0.65674023645,-78.75
,0.7536586813,-86.1425
,0.515655206225,-56.4725
,0.46721131985000003,-44.722500000000004
,0.7988692178250001,-53.4025
,0.76764496785,-76.4325
,0.6895753366,-78.22749999999999
,0.7790656352499999,-81.8675
,0.560382615825,-55.665000000000006
,0.3279326584,-47.987500000000004
,0.6280150098999999,-35.33
,0.576866928825,-42.019999999999996
,0.516140085625,-46.3125
,0.5923094622,-61.612500000000004
,0.40525965592499996,-50.9725
,0.35131303947500003,-49.9375
,0.6727901484250001,-49.4475
,0.6179953990999999,-64.93
,0.552938957575,-63.107499999999995
,0.634538927825,-73.13
,0.43415316485,-53.61
,0.396157007375,-47.3875
,0.75866962485,-59.150000000000006
,0.696880503825,-77.99000000000001
,0.6235198188250001,-71.88
,0.715535760175,-81.5025
,0.48957140564999996,-63.79
,0.396157007375,-47.145
,0.75866962485,-49.8025
,0.696880503825,-63.370000000000005
,0.6235198188250001,-66.28999999999999
,0.715535760175,-79.71000000000001
,0.48957140564999996,-59.725
,0.374120368,-45.88249999999999
,0.716467849675,-52.1425
,0.65811581195,-79.305
,0.5888358900749999,-78.07
,0.67573335045,-111.805
,0.462338494675,-65.1775
,0.35131303947500003,-46.455
,0.6727901484250001,-58.537499999999994
,0.6179953990999999,-78.98
,0.552938957575,-73.49000000000001
,0.634538927825,-88.025
,0.43415316485,-56.887499999999996
,0.23514071147499999,-40.1225
,0.480508404475,-50.8075
,0.4045313217,-75.98500000000001
,0.34739375,-71.895
,0.42148573265,-86.5175
,0.28203146225,-56.7025
,0.21265908335,2.3000000000000003
,0.43456735405,-11.3175
,0.36585438355,-38.722500000000004
,0.314179692575,-47.27
,0.3811877958,-59.1525
,0.255066644275,-45.72
,0.21265908335,-25.725
,0.43456735405,-5.24
,0.36585438355,-38.9275
,0.314179692575,-38.387499999999996
,0.3811877958,-45.51500000000001
,0.255066644275,-32.905
,0.28214058657499996,-41.3175
,0.57655232165,-52.7075
,0.485388955775,-74.105
,0.41683073845,-68.3175
,0.5057322107,-66.2275
,0.33840385057500005,-45.585
,0.35131303947500003,-39.5825
,0.6727901484250001,-43.94499999999999
,0.6179953990999999,-63.0725
,0.552938957575,-50.4875
,0.634538927825,-66.1175
,0.43415316485,-46.8725
,0.35131303947500003,-45.1225
,0.6727901484250001,-47.575
,0.6179953990999999,-68.01
,0.552938957575,-68.15
,0.634538927825,-74.66000000000001
,0.43415316485,-52.747499999999995
,0.3279326584,-45.6475
,0.6280150098999999,-56.92
,0.576866928825,-86.69749999999999
,0.516140085625,-78.92
,0.5923094622,-91.75999999999999
,0.40525965592499996,-56.8875
,0.35131303947500003,-47.38
,0.6727901484250001,-54.3675
,0.6179953990999999,-80.64
,0.552938957575,-80.52250000000001
,0.634538927825,-97.81500000000001
,0.43415316485,-60.2
,0.306087593375,-38.6075
,0.6254878626,-34.2125
,0.526586901375,-45.9125
,0.45220972657499997,-44.815
,0.5486568134500001,-61.835
,0.367126266375,-60.0775
,0.28214058657499996,-48.655
,0.57655232165,-44.0675
,0.485388955775,-55.9
,0.41683073845,-51.25749999999999
,0.5057322107,-59.1225
,0.33840385057500005,-45.552499999999995
,0.306087593375,-49.695
,0.6254878626,-62.3675
,0.526586901375,-96.4125
,0.45220972657499997,-76.5475
,0.5486568134500001,-84.3275
,0.367126266375,-56.2875
,0.374120368,-42.395
,0.716467849675,-47.32
,0.65811581195,-67.6925
,0.5888358900749999,-74.7675
,0.67573335045,-90.30000000000001
,0.462338494675,-61.035000000000004
,0.35131303947500003,-42.835
,0.6727901484250001,-48.80499999999999
,0.6179953990999999,-59.425000000000004
,0.552938957575,-51.7775
,0.634538927825,-60.7575
,0.43415316485,-46.53
,0.374120368,-42.28
,0.716467849675,-50.1
,0.65811581195,-65.525
,0.5888358900749999,-63.465
,0.67573335045,-77.67500000000001
,0.462338494675,-54.86
,0.35131303947500003,-39.9825
,0.6727901484250001,-46.5175
,0.6179953990999999,-64.1675
,0.552938957575,-67.6225
,0.634538927825,-72.175
,0.43415316485,-48.0725
,0.3279326584,-42.73500000000001
,0.6280150098999999,-37.345
,0.576866928825,-43.730000000000004
,0.516140085625,-46.765
,0.5923094622,-58.015
,0.40525965592499996,-45.42250000000001
,0.258395360425,-45.964999999999996
,0.528029117175,-40.6225
,0.444538149,-50.415
,0.3817498579,-48.635000000000005
,0.46316929565,-61.730000000000004
,0.30992345325000004,-45.825
,0.28214058657499996,-44.4775
,0.57655232165,-50.46000000000001
,0.485388955775,-74.8625
,0.41683073845,-66.3675
,0.5057322107,-72.485
,0.33840385057500005,-51.455000000000005
,0.258395360425,-42.625
,0.528029117175,-51.44500000000001
,0.444538149,-68.5325
,0.3817498579,-66.7075
,0.46316929565,-79.24249999999999
,0.30992345325000004,-57.114999999999995
,0.28214058657499996,-39.71
,0.57655232165,-47.8225
,0.485388955775,-61.13
,0.41683073845,-62.30500000000001
,0.5057322107,-73.305
,0.33840385057500005,-48.9975
,0.35131303947500003,-37.4875
,0.6727901484250001,-44.0125
,0.6179953990999999,-61.08
,0.552938957575,-58.115
,0.634538927825,-64.635
,0.43415316485,-45.905
,0.35131303947500003,-33.4725
,0.6727901484250001,-41.6425
,0.6179953990999999,-60.1875
,0.552938957575,-58.0725
,0.634538927825,-64.4175
,0.43415316485,-45.125
,0.35131303947500003,-39.2275
,0.6727901484250001,-29.697499999999998
,0.6179953990999999,-42.2475
,0.552938957575,-42.8425
,0.634538927825,-53.6375
,0.43415316485,-47.46000000000001
,0.35131303947500003,-41.205
,0.6727901484250001,-37.925000000000004
,0.6179953990999999,-50.942499999999995
,0.552938957575,-49.32
,0.634538927825,-59.625
,0.43415316485,-44.137499999999996
,0.396157007375,-39.5825
,0.75866962485,-45.2225
,0.696880503825,-62.39
,0.6235198188250001,-58.830000000000005
,0.715535760175,-66.0625
,0.48957140564999996,-49.3775
,0.417263796375,-37.25
,0.799090668475,-44.095
,0.7340094943000001,-59.4175
,0.65674023645,-58.480000000000004
,0.7536586813,-70.2675
,0.515655206225,-50.6975
,0.46721131985000003,-36.5875
,0.7988692178250001,-44.11750000000001
,0.76764496785,-59.5225
,0.6895753366,-57.122499999999995
,0.7790656352499999,-70.1975
,0.560382615825,-51.4225
,0.396157007375,-39.0325
,0.75866962485,-45.2625
,0.696880503825,-58.785
,0.6235198188250001,-56.025
,0.715535760175,-66.435
,0.48957140564999996,-47.192499999999995
,0.46721131985000003,-21.752499999999998
,0.7988692178250001,-34.9575
,0.76764496785,-54.035
,0.6895753366,-54.67
,0.7790656352499999,-68.735
,0.560382615825,-51.2625
,0.48742957165,-18.2725
,0.8334397394999999,-10.157499999999999
,0.80086428135,-20.0475
,0.719416239975,-24.86
,0.8127791703499999,-47.04
,0.584632792125,-40.8925
,0.374120368,-16.7075
,0.716467849675,-17.0975
,0.65811581195,-43.6675
,0.5888358900749999,-40.822500000000005
,0.67573335045,-53.6825
,0.462338494675,-41.2725
,0.23514071147499999,-7.4475
,0.480508404475,-26.8175
,0.4045313217,-49.792500000000004
,0.34739375,-44.53
,0.42148573265,-53.794999999999995
,0.28203146225,-44.087500000000006
,0.306087593375,-35.735
,0.6254878626,-42.1525
,0.526586901375,-47.67750000000001
,0.45220972657499997,-42.06250000000001
,0.5486568134500001,-46.315000000000005
,0.367126266375,-36.88
,0.306087593375,-36.3425
,0.6254878626,-43.83
,0.526586901375,-58.1675
,0.45220972657499997,-55.169999999999995
,0.5486568134500001,-65.9125
,0.367126266375,-47.862500000000004
,0.21265908335,-26.14
,0.43456735405,-41.56
,0.36585438355,-54.5375
,0.314179692575,-52.555
,0.3811877958,-71.8125
,0.255066644275,-49.0875
,0.16865637577499998,-40.595
,0.38268472215,-48.182500000000005
,0.283163856225,-63.1725
,0.228564336675,-61.4325
,0.3183425932,-67.5825
,0.197750401425,-45.455
,0.21265908335,-45.16
,0.43456735405,-31.497500000000002
,0.36585438355,-44.285
,0.314179692575,-44.6975
,0.3811877958,-54.7325
,0.255066644275,-47.88
,0.21265908335,-37.985
,0.43456735405,-35.432500000000005
,0.36585438355,-46.6175
,0.314179692575,-45.614999999999995
,0.3811877958,-57.1025
,0.255066644275,-47.52
,0.21265908335,-16.627499999999998
,0.43456735405,-38.1875
,0.36585438355,-56.4975
,0.314179692575,-48.77
,0.3811877958,-60.690000000000005
,0.255066644275,-46.215
,0.23514071147499999,-32.597500000000004
,0.480508404475,-41.845
,0.4045313217,-50.97
,0.34739375,-48.015
,0.42148573265,-56.07
,0.28203146225,-42.6475
,0.23514071147499999,-24.354999999999997
,0.480508404475,-33.8225
,0.4045313217,-48.6825
,0.34739375,-48.68
,0.42148573265,-64.185
,0.28203146225,-48.825
,0.23514071147499999,-31.495
,0.480508404475,-44.4075
,0.4045313217,-58.18
,0.34739375,-54.3325
,0.42148573265,-55.16
,0.28203146225,-44.67250000000001
,0.18855729325,-41.525000000000006
,0.4278403056,-40.5325
,0.31657629315,-48.582499999999996
,0.255534203425,-49.08
,0.35590600937499994,-59.285000000000004
,0.22108432155,-50.697500000000005
,0.18855729325,-36.650000000000006
,0.4278403056,-35.1625
,0.31657629315,-46.057500000000005
,0.255534203425,-45.035000000000004
,0.35590600937499994,-53.42
,0.22108432155,-47.4775
,0.133284024325,-33.74
,0.30242414245,-30.555
,0.22377581715,-47.135000000000005
,0.18062747095,-44.71
,0.251576507175,-52.5925
,0.15627615135,-47.837500000000006
,0.258395360425,-40.4425
,0.528029117175,-49.4825
,0.444538149,-64.045
,0.3817498579,-54.17
,0.46316929565,-49.695
,0.30992345325000004,-45.855
,0.3279326584,-40.6525
,0.6280150098999999,-47.3375
,0.576866928825,-56.95
,0.516140085625,-49.285
,0.5923094622,-71.82
,0.40525965592499996,-48.3175
,0.396157007375,-40.0475
,0.75866962485,-46.165
,0.696880503825,-62.13999999999999
,0.6235198188250001,-53.63250000000001
,0.715535760175,-61.084999999999994
,0.48957140564999996,-48.6525
,0.35131303947500003,-38.1175
,0.6727901484250001,-48.3275
,0.6179953990999999,-64.52
,0.552938957575,-57.31999999999999
,0.634538927825,-71.2675
,0.43415316485,-51.980000000000004
,0.3279326584,-41.0675
,0.6280150098999999,-47.85
,0.576866928825,-69.3475
,0.516140085625,-58.545
,0.5923094622,-62.754999999999995
,0.40525965592499996,-47.9675
,0.28214058657499996,-20.6375
,0.57655232165,-11.98
,0.485388955775,-36.0225
,0.41683073845,-33.55
,0.5057322107,-47.432500000000005
,0.33840385057500005,-49.85
,0.23514071147499999,-41.455
,0.480508404475,-42.0325
,0.4045313217,-52.6775
,0.34739375,-48.557500000000005
,0.42148573265,-51.2925
,0.28203146225,-43.652499999999996
,0.18855729325,-36.019999999999996
,0.4278403056,-46.67
,0.31657629315,-66.9075
,0.255534203425,-56.410000000000004
,0.35590600937499994,-66.74249999999999
,0.22108432155,-51.080000000000005
,0.23514071147499999,-39.352500000000006
,0.480508404475,-47.6375
,0.4045313217,-70.3075
,0.34739375,-54.112500000000004
,0.42148573265,-60.837500000000006
,0.28203146225,-47.625
,0.23514071147499999,-42.5525
,0.480508404475,-51.8175
,0.4045313217,-66.3775
,0.34739375,-54.445
,0.42148573265,-57.425
,0.28203146225,-48.905
,0.28214058657499996,-37.745
,0.57655232165,-47.157500000000006
,0.485388955775,-65.0525
,0.41683073845,-59.5125
,0.5057322107,-70.3725
,0.33840385057500005,-53.1575
,0.18855729325,-44.677499999999995
,0.4278403056,-56.935
,0.31657629315,-78.825
,0.255534203425,-60.215
,0.35590600937499994,-59.8925
,0.22108432155,-47.9075
,0.23514071147499999,-40.56
,0.480508404475,-40.6875
,0.4045313217,-47.0475
,0.34739375,-47.735
,0.42148573265,-55.47
,0.28203146225,-54.4375
,0.23514071147499999,-46.2525
,0.480508404475,-42.94
,0.4045313217,-51.855000000000004
,0.34739375,-48.1025
,0.42148573265,-54.775
,0.28203146225,-49.817499999999995
,0.306087593375,-41.135000000000005
,0.6254878626,-54.517500000000005
,0.526586901375,-77.39500000000001
,0.45220972657499997,-64.69250000000001
,0.5486568134500001,-63.2625
,0.367126266375,-56.972500000000004
,0.3279326584,-42.022499999999994
,0.6280150098999999,-52.3625
,0.576866928825,-70.39500000000001
,0.516140085625,-58.4675
,0.5923094622,-59.635000000000005
,0.40525965592499996,-55.432500000000005
,0.374120368,-39.122499999999995
,0.716467849675,-51.195
,0.65811581195,-67.945
,0.5888358900749999,-58.8125
,0.67573335045,-61.095
,0.462338494675,-55.932500000000005
,0.35131303947500003,-42.07
,0.6727901484250001,-50.1075
,0.6179953990999999,-70.3925
,0.552938957575,-56.260000000000005
,0.634538927825,-65.885
,0.43415316485,-52.3125
,0.306087593375,-37.8775
,0.6254878626,-50.162499999999994
,0.526586901375,-63.307500000000005
,0.45220972657499997,-54.91
,0.5486568134500001,-60.17
,0.367126266375,-52.337500000000006
,0.35131303947500003,-31.2875
,0.6727901484250001,-31.490000000000002
,0.6179953990999999,-43.475
,0.552938957575,-37.6675
,0.634538927825,-47.08
,0.43415316485,-50.1075
,0.35131303947500003,-41.9525
,0.6727901484250001,-41.0
,0.6179953990999999,-48.2325
,0.552938957575,-45.3925
,0.634538927825,-47.935
,0.43415316485,-46.337500000000006
,0.396157007375,-37.6625
,0.75866962485,-45.322500000000005
,0.696880503825,-58.3425
,0.6235198188250001,-50.394999999999996
,0.715535760175,-50.61
,0.48957140564999996,-47.94499999999999
,0.374120368,-40.6575
,0.716467849675,-48.55749999999999
,0.65811581195,-69.01249999999999
,0.5888358900749999,-60.662499999999994
,0.67573335045,-58.7975
,0.462338494675,-51.1875
,0.258395360425,-36.2275
,0.528029117175,-45.105
,0.444538149,-57.980000000000004
,0.3817498579,-53.2325
,0.46316929565,-56.2725
,0.30992345325000004,-51.2725
,0.23514071147499999,-39.97
,0.480508404475,-44.542500000000004
,0.4045313217,-58.16499999999999
,0.34739375,-57.9475
,0.42148573265,-60.33
,0.28203146225,-51.53
,0.21265908335,-22.475
,0.43456735405,-37.287499999999994
,0.36585438355,-50.535000000000004
,0.314179692575,-52.2575
,0.3811877958,-51.847500000000004
,0.255066644275,-45.8775
,0.18855729325,-38.447500000000005
,0.4278403056,-35.365
,0.31657629315,-41.942499999999995
,0.255534203425,-42.144999999999996
,0.35590600937499994,-48.067499999999995
,0.22108432155,-46.45
,0.15018701637499998,-41.697500000000005
,0.34077737285000004,-39.795
,0.25215491872499995,-47.67
,0.20353452772500003,-47.8275
,0.283481273925,-48.4425
,0.17609498995,-43.657500000000006
,0.18855729325,-42.3975
,0.4278403056,-53.3475
,0.31657629315,-71.895
,0.255534203425,-60.295
,0.35590600937499994,-53.9025
,0.22108432155,-49.5925
,0.21265908335,-40.16
,0.43456735405,-50.582499999999996
,0.36585438355,-72.53999999999999
,0.314179692575,-63.7475
,0.3811877958,-61.765
,0.255066644275,-54.73250000000001
,0.258395360425,-39.474999999999994
,0.528029117175,-51.845
,0.444538149,-70.1625
,0.3817498579,-59.9725
,0.46316929565,-60.682500000000005
,0.30992345325000004,-55.4775
,0.23514071147499999,-38.0275
,0.480508404475,-45.2375
,0.4045313217,-63.0325
,0.34739375,-61.42249999999999
,0.42148573265,-59.7675
,0.28203146225,-53.3475
,0.258395360425,-40.885
,0.528029117175,-49.2275
,0.444538149,-64.445
,0.3817498579,-61.6125
,0.46316929565,-58.705
,0.30992345325000004,-52.7375
,0.28214058657499996,-42.89
,0.57655232165,-38.5075
,0.485388955775,-48.199999999999996
,0.41683073845,-45.6825
,0.5057322107,-46.912499999999994
,0.33840385057500005,-52.095
,0.306087593375,-39.0975
,0.6254878626,-36.795
,0.526586901375,-48.745000000000005
,0.45220972657499997,-47.3725
,0.5486568134500001,-48.9325
,0.367126266375,-49.5775
,0.28214058657499996,-31.17
,0.57655232165,-42.13
,0.485388955775,-57.51
,0.41683073845,-53.4575
,0.5057322107,-51.8225
,0.33840385057500005,-51.455
,0.16865637577499998,-38.155
,0.38268472215,-46.3575
,0.283163856225,-58.4775
,0.228564336675,-56.0625
,0.3183425932,-56.9725
,0.197750401425,-48.667500000000004
,0.1169804,-37.145
,0.2305608213,-46.86
,0.1764514518,-59.945
,0.135332890775,-55.415
,0.18610265222500003,-55.8175
,0.13260435255,-48.4175
,0.1169804,-26.805
,0.2305608213,-40.61
,0.1764514518,-59.065
,0.135332890775,-55.435
,0.18610265222500003,-55.4525
,0.13260435255,-52.7475
,0.15018701637499998,-22.6175
,0.34077737285000004,-38.035000000000004
,0.25215491872499995,-50.9075
,0.20353452772500003,-46.5475
,0.283481273925,-48.2275
,0.17609498995,-46.81250000000001
,0.16865637577499998,-31.142500000000002
,0.38268472215,-22.0925
,0.283163856225,-38.045
,0.228564336675,-32.4275
,0.3183425932,-34.9025
,0.197750401425,-44.5225
,0.15018701637499998,-35.7625
,0.34077737285000004,-34.7325
,0.25215491872499995,-46.94500000000001
,0.20353452772500003,-40.935
,0.283481273925,-45.0475
,0.17609498995,-46.9525
,0.16865637577499998,-32.9425
,0.38268472215,-36.715
,0.283163856225,-58.1425
,0.228564336675,-48.177499999999995
,0.3183425932,-47.425
,0.197750401425,-45.1875
,0.258395360425,-27.935000000000002
,0.528029117175,-41.82
,0.444538149,-54.58
,0.3817498579,-50.7125
,0.46316929565,-52.1075
,0.30992345325000004,-50.4775
,0.23514071147499999,-23.585
,0.480508404475,-39.4375
,0.4045313217,-55.3025
,0.34739375,-51.05
,0.42148573265,-49.41
,0.28203146225,-44.55
,0.16865637577499998,-33.915
,0.38268472215,-40.052499999999995
,0.283163856225,-53.0075
,0.228564336675,-52.082499999999996
,0.3183425932,-50.230000000000004
,0.197750401425,-45.1375
,0.133284024325,-34.212500000000006
,0.30242414245,-43.3375
,0.22377581715,-63.7175
,0.18062747095,-58.964999999999996
,0.251576507175,-54.9025
,0.15627615135,-50.0075
,0.133284024325,-20.215000000000003
,0.30242414245,-23.58
,0.22377581715,-36.55
,0.18062747095,-29.5375
,0.251576507175,-43.397499999999994
,0.15627615135,-50.150000000000006
,0.1169804,-34.647499999999994
,0.2305608213,-31.794999999999998
,0.1764514518,-45.6125
,0.135332890775,-39.9025
,0.18610265222500003,-43.4675
,0.13260435255,-46.425
,0.16865637577499998,-38.3575
,0.38268472215,-45.42
,0.283163856225,-56.739999999999995
,0.228564336675,-51.2975
,0.3183425932,-50.1575
,0.197750401425,-48.6025
,0.18855729325,-20.1325
,0.4278403056,-40.9725
,0.31657629315,-52.392500000000005
,0.255534203425,-51.6825
,0.35590600937499994,-50.62499999999999
,0.22108432155,-48.1275
,0.15018701637499998,-20.459999999999997
,0.34077737285000004,-34.2725
,0.25215491872499995,-51.095000000000006
,0.20353452772500003,-49.105000000000004
,0.283481273925,-48.4
,0.17609498995,-48.6525
,0.16865637577499998,-15.165
,0.38268472215,-34.5675
,0.283163856225,-50.167500000000004
,0.228564336675,-49.142500000000005
,0.3183425932,-47.81
,0.197750401425,-39.4725
,0.16865637577499998,-18.915
,0.38268472215,-42.522499999999994
,0.283163856225,-58.1375
,0.228564336675,-50.71
,0.3183425932,-49.302499999999995
,0.197750401425,-40.870000000000005
,0.133284024325,-36.225
,0.30242414245,-22.9775
,0.22377581715,-44.517500000000005
,0.18062747095,-44.3
,0.251576507175,-43.53
,0.15627615135,-46.9425
,0.1169804,-43.4925
,0.2305608213,-39.53
,0.1764514518,-50.9625
,0.135332890775,-47.945
,0.18610265222500003,-47.08
,0.13260435255,-43.1525
,0.118029812825,-35.6775
,0.267812028325,-43.730000000000004
,0.19816491827500002,-56.372499999999995
,0.159954853325,-52.6325
,0.22278384952500002,-49.7375
,0.13839051587499998,-50.072500000000005
,0.118029812825,-31.6325
,0.267812028325,-44.075
,0.19816491827500002,-53.755
,0.159954853325,-52.432500000000005
,0.22278384952500002,-50.47500000000001
,0.13839051587499998,-49.9375
,0.118029812825,-28.895
,0.267812028325,-37.605000000000004
,0.19816491827500002,-55.0
,0.159954853325,-52.342499999999994
,0.22278384952500002,-49.275
,0.13839051587499998,-45.822500000000005
,0.133284024325,-31.8225
,0.30242414245,-45.07
,0.22377581715,-57.6625
,0.18062747095,-53.58
,0.251576507175,-51.5375
,0.15627615135,-47.03
,0.133284024325,-15.3425
,0.30242414245,-29.987500000000004
,0.22377581715,-54.457499999999996
,0.18062747095,-56.1
,0.251576507175,-48.9825
,0.15627615135,-48.324999999999996
,0.133284024325,-17.955
,0.30242414245,-12.6775
,0.22377581715,-34.317499999999995
,0.18062747095,-27.607499999999998
,0.251576507175,-35.19
,0.15627615135,-38.99
,0.15018701637499998,-39.5825
,0.34077737285000004,-39.525
,0.25215491872499995,-48.1475
,0.20353452772500003,-44.309999999999995
,0.283481273925,-44.2925
,0.17609498995,-45.3525
,0.133284024325,-39.63
,0.30242414245,-45.38
,0.22377581715,-67.28
,0.18062747095,-58.825
,0.251576507175,-52.155
,0.15627615135,-50.7625
,0.133284024325,-40.037499999999994
,0.30242414245,-43.5775
,0.22377581715,-55.69
,0.18062747095,-56.095
,0.251576507175,-49.9775
,0.15627615135,-49.224999999999994
,0.118029812825,-12.617500000000001
,0.267812028325,-30.240000000000002
,0.19816491827500002,-49.785
,0.159954853325,-52.945
,0.22278384952500002,-52.1775
,0.13839051587499998,-50.26
,0.1169804,-15.9675
,0.2305608213,-29.3775
,0.1764514518,-51.0825
,0.135332890775,-45.942499999999995
,0.18610265222500003,-45.1125
,0.13260435255,-45.6575
,0.09209414055,-34.7825
,0.181511609325,-41.31
,0.138913397425,-55.48
,0.10654234597500001,-50.557500000000005
,0.14651141385,-44.28999999999999
,0.10439427355,-41.095
,0.09209414055,-22.049999999999997
,0.181511609325,-10.47
,0.138913397425,-29.8975
,0.10654234597500001,-32.2525
,0.14651141385,-37.6475
,0.10439427355,-46.9225
,0.09209414055,-24.345
,0.181511609325,-30.442500000000003
,0.138913397425,-43.5925
,0.10654234597500001,-41.8825
,0.14651141385,-41.675
,0.10439427355,-42.69499999999999
,0.08224171315,-37.1925
,0.16209311062499998,-42.77
,0.12405214619999999,-51.5875
,0.095144218775,-48.0
,0.130837310625,-45.7
,0.0932259517,-43.6075
,0.08224171315,-26.597499999999997
,0.16209311062499998,-35.315
,0.12405214619999999,-48.6475
,0.095144218775,-45.6375
,0.130837310625,-44.9025
,0.0932259517,-45.114999999999995
,0.073951340475,-16.4425
,0.14575332089999998,-27.880000000000003
,0.11154707439999999,-49.114999999999995
,0.08555320962499999,-50.5625
,0.11764826057500001,-47.9125
,0.083828313275,-45.5175
,0.073951340475,-26.6475
,0.14575332089999998,-35.565
,0.11154707439999999,-54.195
,0.08555320962499999,-50.295
,0.11764826057500001,-41.57
,0.083828313275,-39.85
,0.073951340475,-22.912499999999998
,0.14575332089999998,-29.057499999999997
,0.11154707439999999,-55.644999999999996
,0.08555320962499999,-53.06999999999999
,0.11764826057500001,-44.822500000000005
,0.083828313275,-42.7525
,0.09209414055,-23.3475
,0.181511609325,-8.645
,0.138913397425,-30.4425
,0.10654234597500001,-32.68
,0.14651141385,-35.2675
,0.10439427355,-43.675
,0.118029812825,-36.845
,0.267812028325,-32.2525
,0.19816491827500002,-44.805
,0.159954853325,-43.22
,0.22278384952500002,-42.792500000000004
,0.13839051587499998,-43.08
,0.15018701637499998,-34.175
,0.34077737285000004,-41.025000000000006
,0.25215491872499995,-52.4275
,0.20353452772500003,-49.69500000000001
,0.283481273925,-45.955
,0.17609498995,-45.3325
,0.15018701637499998,-35.334999999999994
,0.34077737285000004,-40.0675
,0.25215491872499995,-49.7625
,0.20353452772500003,-49.214999999999996
,0.283481273925,-45.6725
,0.17609498995,-43.787499999999994
,0.118029812825,-27.6425
,0.267812028325,-37.525
,0.19816491827500002,-49.407500000000006
,0.159954853325,-48.93
,0.22278384952500002,-47.0125
,0.13839051587499998,-44.6575
,0.10363934760000001,-33.405
,0.2042664677,-40.0425
,0.1563280117,-47.8525
,0.11989882495,-47.16
,0.1648785391,-45.4075
,0.11748146344999999,-43.589999999999996
,0.09209414055,-25.1225
,0.181511609325,-33.445
,0.138913397425,-46.887499999999996
,0.10654234597500001,-46.435
,0.14651141385,-45.2375
,0.10439427355,-44.387499999999996
,0.073951340475,-14.635
,0.14575332089999998,-6.17
,0.11154707439999999,-29.72
,0.08555320962499999,-28.035
,0.11764826057500001,-36.455
,0.083828313275,-40.7975
,0.073951340475,-22.305
,0.14575332089999998,-18.7225
,0.11154707439999999,-40.467499999999994
,0.08555320962499999,-38.480000000000004
,0.11764826057500001,-39.2975
,0.083828313275,-36.615
,0.058346200325,-26.9925
,0.105253755025,-34.1575
,0.090625545425,-48.9625
,0.06940332219999999,-46.31
,0.08575203534999999,-45.11749999999999
,0.066551797175,-41.83749999999999
,0.051803595875,-22.065
,0.09345120940000001,-33.144999999999996
,0.08046332235,-46.775000000000006
,0.061620836125,-44.5
,0.0761362995,-43.165000000000006
,0.0590890646,-41.397499999999994
,0.058346200325,-21.252499999999998
,0.105253755025,-33.9225
,0.090625545425,-46.7975
,0.06940332219999999,-46.06
,0.08575203534999999,-45.3875
,0.066551797175,-41.815
,0.051803595875,-29.340000000000003
,0.09345120940000001,-37.0475
,0.08046332235,-46.125
,0.061620836125,-45.71
,0.0761362995,-45.1175
,0.0590890646,-44.957499999999996
,0.058346200325,-25.91
,0.105253755025,-34.5425
,0.090625545425,-48.43
,0.06940332219999999,-46.402499999999996
,0.08575203534999999,-45.9675
,0.066551797175,-43.237500000000004
,0.051803595875,-24.0725
,0.09345120940000001,-10.897499999999999
,0.08046332235,-27.105
,0.061620836125,-29.474999999999998
,0.0761362995,-35.065
,0.0590890646,-39.915
,0.05466899224999999,-33.69499999999999
,0.0986202474,-28.2725
,0.08491396534999998,-39.89
,0.065029250575,-39.0275
,0.08034760325,-39.66
,0.0623574398,-42.095
,0.058346200325,-26.055
,0.105253755025,-30.1875
,0.090625545425,-46.3275
,0.06940332219999999,-45.76
,0.08575203534999999,-44.332499999999996
,0.066551797175,-42.974999999999994
,0.073951340475,-33.26
,0.14575332089999998,-37.847500000000004
,0.11154707439999999,-53.0
,0.08555320962499999,-51.099999999999994
,0.11764826057500001,-46.254999999999995
,0.083828313275,-42.807500000000005
,0.073951340475,-31.7425
,0.14575332089999998,-36.905
,0.11154707439999999,-49.647499999999994
,0.08555320962499999,-50.1425
,0.11764826057500001,-46.355
,0.083828313275,-42.495
,0.073951340475,-35.837500000000006
,0.14575332089999998,-39.3875
,0.11154707439999999,-52.56999999999999
,0.08555320962499999,-52.364999999999995
,0.11764826057500001,-46.9475
,0.083828313275,-44.47500000000001
,0.08224171315,-31.515
,0.16209311062499998,-39.7475
,0.12405214619999999,-53.5225
,0.095144218775,-52.720000000000006
,0.130837310625,-47.552499999999995
,0.0932259517,-45.580000000000005
,0.073951340475,-13.482499999999998
,0.14575332089999998,-7.1975
,0.11154707439999999,-24.2175
,0.08555320962499999,-31.7575
,0.11764826057500001,-30.2725
,0.083828313275,-41.837500000000006
,0.073951340475,-41.285
,0.14575332089999998,-35.665000000000006
,0.11154707439999999,-44.8175
,0.08555320962499999,-39.9175
,0.11764826057500001,-38.9875
,0.083828313275,-40.9425
,0.058346200325,-37.1375
,0.105253755025,-40.725
,0.090625545425,-58.019999999999996
,0.06940332219999999,-52.69
,0.08575203534999999,-47.995
,0.066551797175,-45.045
,0.068748448675,-37.099999999999994
,0.1240189135,-40.325
,0.1067827146,-56.78999999999999
,0.08177688864999999,-58.667500000000004
,0.10104033115,-54.057500000000005
,0.0784169797,-46.605000000000004
,0.08224171315,-40.137499999999996
,0.16209311062499998,-41.7
,0.12405214619999999,-56.879999999999995
,0.095144218775,-54.7525
,0.130837310625,-52.855
,0.0932259517,-46.525000000000006
,0.1169804,-37.1075
,0.2305608213,-41.572500000000005
,0.1764514518,-58.667500000000004
,0.135332890775,-60.79
,0.18610265222500003,-55.28
,0.13260435255,-47.3575
,0.118029812825,-33.31
,0.267812028325,-39.7325
,0.19816491827500002,-58.255
,0.159954853325,-59.192499999999995
,0.22278384952500002,-51.975
,0.13839051587499998,-46.8425
,0.1169804,-27.950000000000003
,0.2305608213,-16.9325
,0.1764514518,-36.737500000000004
,0.135332890775,-39.222500000000004
,0.18610265222500003,-41.0975
,0.13260435255,-47.85
,0.09209414055,-44.1225
,0.181511609325,-41.2825
,0.138913397425,-48.637499999999996
,0.10654234597500001,-46.2525
,0.14651141385,-44.747499999999995
,0.10439427355,-45.3575
,0.09209414055,-40.4675
,0.181511609325,-43.074999999999996
,0.138913397425,-57.815000000000005
,0.10654234597500001,-52.74250000000001
,0.14651141385,-50.722500000000004
,0.10439427355,-49.11750000000001
,0.073951340475,-32.37
,0.14575332089999998,-38.525
,0.11154707439999999,-57.82000000000001
,0.08555320962499999,-59.085
,0.11764826057500001,-55.732499999999995
,0.083828313275,-50.99
,0.068748448675,-39.0225
,0.1240189135,-45.56999999999999
,0.1067827146,-63.24
,0.08177688864999999,-60.06
,0.10104033115,-51.22
,0.0784169797,-46.667500000000004
,0.062986103275,-34.815
,0.11362391797499999,-39.4825
,0.09783241977500001,-63.32
,0.074922527775,-69.11
,0.092571350375,-64.31500000000001
,0.071844239075,-48.72
,0.05466899224999999,-39.089999999999996
,0.0986202474,-43.87
,0.08491396534999998,-65.3925
,0.065029250575,-63.9325
,0.08034760325,-55.74999999999999
,0.0623574398,-47.8575
,0.053022747550000006,-31.5625
,0.07470056735,-19.8925
,0.075414974125,-41.9825
,0.062740725925,-44.555
,0.07373791672499999,-45.5525
,0.065063790275,-48.8775
,0.049976526424999994,-43.19
,0.07040892912499999,-39.225
,0.07108229245,-52.0675
,0.059136195225,-51.557500000000005
,0.069501584,-47.957499999999996
,0.061325796700000004,-46.9475
,0.051803595875,-40.2025
,0.09345120940000001,-43.8925
,0.08046332235,-67.6825
,0.061620836125,-65.19
,0.0761362995,-57.5625
,0.0590890646,-50.6025
,0.053022747550000006,-41.629999999999995
,0.07470056735,-42.435
,0.075414974125,-59.1075
,0.062740725925,-60.675
,0.07373791672499999,-58.447500000000005
,0.065063790275,-51.0775
,0.051803595875,-33.5075
,0.09345120940000001,-40.66
,0.08046332235,-59.5625
,0.061620836125,-59.227500000000006
,0.0761362995,-54.622499999999995
,0.0590890646,-48.43
,0.058346200325,-33.9725
,0.105253755025,-41.0275
,0.090625545425,-55.667500000000004
,0.06940332219999999,-54.73
,0.08575203534999999,-50.144999999999996
,0.066551797175,-47.7175
,0.062986103275,-38.8625
,0.11362391797499999,-38.692499999999995
,0.09783241977500001,-62.965
,0.074922527775,-61.38750000000001
,0.092571350375,-52.699999999999996
,0.071844239075,-47.84
,0.05466899224999999,-35.795
,0.0986202474,-20.080000000000002
,0.08491396534999998,-38.2375
,0.065029250575,-37.6575
,0.08034760325,-40.19
,0.0623574398,-48.099999999999994
,0.058346200325,-39.5875
,0.105253755025,-34.0375
,0.090625545425,-50.545
,0.06940332219999999,-48.022499999999994
,0.08575203534999999,-44.495
,0.066551797175,-42.26
,0.05466899224999999,-40.80499999999999
,0.0986202474,-43.6575
,0.08491396534999998,-61.94
,0.065029250575,-61.602500000000006
,0.08034760325,-52.47
,0.0623574398,-49.2825
,0.051803595875,-41.9675
,0.09345120940000001,-45.1425
,0.08046332235,-62.165000000000006
,0.061620836125,-63.25
,0.0761362995,-58.0775
,0.0590890646,-50.809999999999995
,0.053022747550000006,-39.435
,0.07470056735,-43.57
,0.075414974125,-61.4975
,0.062740725925,-60.835
,0.07373791672499999,-52.17
,0.065063790275,-49.5025
,0.05466899224999999,-31.7325
,0.0986202474,-40.6175
,0.08491396534999998,-57.787499999999994
,0.065029250575,-56.3375
,0.08034760325,-50.0
,0.0623574398,-45.0725
,0.068748448675,-38.457499999999996
,0.1240189135,-42.6425
,0.1067827146,-60.125
,0.08177688864999999,-62.260000000000005
,0.10104033115,-54.09
,0.0784169797,-48.3525
,0.058346200325,-32.82
,0.105253755025,-21.4975
,0.090625545425,-38.835
,0.06940332219999999,-41.36
,0.08575203534999999,-45.870000000000005
,0.066551797175,-48.775
,0.08224171315,-35.9
,0.16209311062499998,-35.8225
,0.12405214619999999,-44.835
,0.095144218775,-44.06
,0.130837310625,-45.37
,0.0932259517,-43.957499999999996
,0.09209414055,-35.6375
,0.181511609325,-38.81
,0.138913397425,-59.4425
,0.10654234597500001,-50.9825
,0.14651141385,-44.8475
,0.10439427355,-46.1525
,0.09209414055,-41.255
,0.181511609325,-48.355000000000004
,0.138913397425,-66.7875
,0.10654234597500001,-58.5375
,0.14651141385,-54.77
,0.10439427355,-49.525000000000006
,0.062986103275,-35.347500000000004
,0.11362391797499999,-40.295
,0.09783241977500001,-60.285
,0.074922527775,-60.005
,0.092571350375,-50.1725
,0.071844239075,-46.55
,0.051803595875,-32.975
,0.09345120940000001,-41.6875
,0.08046332235,-61.16
,0.061620836125,-56.692499999999995
,0.0761362995,-48.41
,0.0590890646,-48.005
,0.05466899224999999,-26.75
,0.0986202474,-34.335
,0.08491396534999998,-62.010000000000005
,0.065029250575,-57.6075
,0.08034760325,-48.1375
,0.0623574398,-43.0675
,0.073951340475,-19.93
,0.14575332089999998,-1.24
,0.11154707439999999,-34.9725
,0.08555320962499999,-36.88
,0.11764826057500001,-38.2475
,0.083828313275,-43.352500000000006
,0.10363934760000001,-36.4125
,0.2042664677,-27.634999999999998
,0.1563280117,-46.835
,0.11989882495,-45.5125
,0.1648785391,-44.1425
,0.11748146344999999,-43.275000000000006
,0.073951340475,-33.405
,0.14575332089999998,-38.685
,0.11154707439999999,-62.755
,0.08555320962499999,-52.052499999999995
,0.11764826057500001,-44.78
,0.083828313275,-43.955
,0.058346200325,-34.8325
,0.105253755025,-41.61
,0.090625545425,-59.37
,0.06940332219999999,-57.315
,0.08575203534999999,-51.519999999999996
,0.066551797175,-49.2
,0.068748448675,-30.5275
,0.1240189135,-40.4675
,0.1067827146,-59.02
,0.08177688864999999,-54.3575
,0.10104033115,-49.265
,0.0784169797,-45.9125
,0.09209414055,-32.365
,0.181511609325,-37.2
,0.138913397425,-55.67
,0.10654234597500001,-53.86
,0.14651141385,-49.135
,0.10439427355,-45.17
,0.068748448675,-12.615
,0.1240189135,-32.917500000000004
,0.1067827146,-63.5025
,0.08177688864999999,-59.8125
,0.10104033115,-49.224999999999994
,0.0784169797,-43.525000000000006
,0.068748448675,-8.0075
,0.1240189135,-1.7725
,0.1067827146,-29.3325
,0.08177688864999999,-30.925
,0.10104033115,-38.54
,0.0784169797,-44.02499999999999
,0.09209414055,-19.6475
,0.181511609325,-16.5475
,0.138913397425,-46.94
,0.10654234597500001,-42.002500000000005
,0.14651141385,-37.0475
,0.10439427355,-35.3675
,0.1169804,-32.97
,0.2305608213,-42.805
,0.1764514518,-67.17
,0.135332890775,-53.4775
,0.18610265222500003,-46.5925
,0.13260435255,-43.052499999999995
,0.10363934760000001,-30.2425
,0.2042664677,-39.56
,0.1563280117,-60.4875
,0.11989882495,-58.582499999999996
,0.1648785391,-52.025
,0.11748146344999999,-48.545
,0.1169804,-26.4525
,0.2305608213,-36.405
,0.1764514518,-64.675
,0.135332890775,-59.004999999999995
,0.18610265222500003,-52.120000000000005
,0.13260435255,-45.8825
,0.068748448675,-40.11
,0.1240189135,-45.46000000000001
,0.1067827146,-69.2375
,0.08177688864999999,-64.54249999999999
,0.10104033115,-55.222500000000004
,0.0784169797,-47.6425
,0.062986103275,-20.545
,0.11362391797499999,-27.855
,0.09783241977500001,-52.6925
,0.074922527775,-50.9425
,0.092571350375,-47.245
,0.071844239075,-46.8825
,0.05466899224999999,-22.595000000000002
,0.0986202474,-12.827499999999999
,0.08491396534999998,-38.19
,0.065029250575,-36.88
,0.08034760325,-38.54
,0.0623574398,-41.01
,0.05466899224999999,-34.97
,0.0986202474,-28.902500000000003
,0.08491396534999998,-44.0625
,0.065029250575,-42.2125
,0.08034760325,-42.4075
,0.0623574398,-43.25749999999999
,0.051803595875,-23.935000000000002
,0.09345120940000001,-34.2875
,0.08046332235,-57.059999999999995
,0.061620836125,-53.9225
,0.0761362995,-48.6075
,0.0590890646,-48.4775
,0.053022747550000006,-17.185
,0.07470056735,-24.3925
,0.075414974125,-47.9075
,0.062740725925,-45.3
,0.07373791672499999,-41.975
,0.065063790275,-41.745
,0.051803595875,-26.9275
,0.09345120940000001,-37.275000000000006
,0.08046332235,-55.879999999999995
,0.061620836125,-50.025000000000006
,0.0761362995,-43.78999999999999
,0.0590890646,-42.57750000000001
,0.051803595875,-12.65
,0.09345120940000001,-25.935
,0.08046332235,-52.7675
,0.061620836125,-51.7925
,0.0761362995,-47.224999999999994
,0.0590890646,-41.365
,0.05466899224999999,-6.750000000000001
,0.0986202474,-29.502500000000005
,0.08491396534999998,-54.21249999999999
,0.065029250575,-53.7475
,0.08034760325,-46.4
,0.0623574398,-41.934999999999995
,0.05466899224999999,-6.7575
,0.0986202474,-4.365
,0.08491396534999998,-20.0475
,0.065029250575,-23.675
,0.08034760325,-20.68
,0.0623574398,-30.982499999999998
,0.05466899224999999,-30.14
,0.0986202474,-25.775
,0.08491396534999998,-41.69
,0.065029250575,-39.1
,0.08034760325,-38.4525
,0.0623574398,-34.1325
,0.068748448675,-30.057499999999997
,0.1240189135,-37.7775
,0.1067827146,-55.862500000000004
,0.08177688864999999,-49.57749999999999
,0.10104033115,-44.485
,0.0784169797,-45.875
,0.062986103275,-30.2525
,0.11362391797499999,-38.629999999999995
,0.09783241977500001,-57.1575
,0.074922527775,-55.114999999999995
,0.092571350375,-50.7875
,0.071844239075,-45.290000000000006
,0.05466899224999999,-33.9275
,0.0986202474,-41.14
,0.08491396534999998,-59.667500000000004
,0.065029250575,-59.472500000000004
,0.08034760325,-51.4125
,0.0623574398,-46.8575
,0.05466899224999999,-22.06
,0.0986202474,-32.09
,0.08491396534999998,-53.51
,0.065029250575,-56.980000000000004
,0.08034760325,-47.745000000000005
,0.0623574398,-49.2375
,0.073951340475,-12.545000000000002
,0.14575332089999998,-20.005000000000003
,0.11154707439999999,-42.845
,0.08555320962499999,-33.9025
,0.11764826057500001,-32.395
,0.083828313275,-42.0725
,0.068748448675,-20.057499999999997
,0.1240189135,-9.030000000000001
,0.1067827146,-29.6925
,0.08177688864999999,-25.0675
,0.10104033115,-21.8425
,0.0784169797,-35.7825
,0.05466899224999999,-30.347499999999997
,0.0986202474,-23.8325
,0.08491396534999998,-44.8675
,0.065029250575,-41.265
,0.08034760325,-39.4025
,0.0623574398,-41.7475
,0.053022747550000006,-34.8225
,0.07470056735,-41.7975
,0.075414974125,-64.2675
,0.062740725925,-57.597500000000004
,0.07373791672499999,-46.225
,0.065063790275,-44.910000000000004
,0.062986103275,-34.5825
,0.11362391797499999,-42.847500000000004
,0.09783241977500001,-63.31
,0.074922527775,-56.6075
,0.092571350375,-47.8725
,0.071844239075,-45.9275
,0.058346200325,-31.995000000000005
,0.105253755025,-36.68
,0.090625545425,-56.31
,0.06940332219999999,-55.575
,0.08575203534999999,-51.17250000000001
,0.066551797175,-45.8775
,0.073951340475,-37.1125
,0.14575332089999998,-44.17
,0.11154707439999999,-59.777499999999996
,0.08555320962499999,-52.4525
,0.11764826057500001,-46.9075
,0.083828313275,-45.2625
,0.118029812825,-20.857499999999998
,0.267812028325,-38.824999999999996
,0.19816491827500002,-64.0925
,0.159954853325,-56.82
,0.22278384952500002,-48.9925
,0.13839051587499998,-46.847500000000004
,0.10363934760000001,-8.725000000000001
,0.2042664677,-1.1225
,0.1563280117,-17.2975
,0.11989882495,-4.512499999999999
,0.1648785391,-21.9125
,0.11748146344999999,-42.0675
,0.073951340475,-39.5025
,0.14575332089999998,-38.1325
,0.11154707439999999,-53.06
,0.08555320962499999,-45.935
,0.11764826057500001,-37.739999999999995
,0.083828313275,-36.629999999999995
,0.058346200325,-37.9775
,0.105253755025,-41.7375
,0.090625545425,-57.77
,0.06940332219999999,-53.5275
,0.08575203534999999,-48.105
,0.066551797175,-45.5375
,0.058346200325,-42.3975
,0.105253755025,-37.515
,0.090625545425,-47.685
,0.06940332219999999,-45.2275
,0.08575203534999999,-44.205
,0.066551797175,-51.7675
,0.073951340475,-37.1375
,0.14575332089999998,-42.985
,0.11154707439999999,-57.6525
,0.08555320962499999,-55.0525
,0.11764826057500001,-50.690000000000005
,0.083828313275,-49.932500000000005
,0.058346200325,-39.35
,0.105253755025,-44.0625
,0.090625545425,-62.5325
,0.06940332219999999,-61.192499999999995
,0.08575203534999999,-51.915
,0.066551797175,-46.707499999999996
,0.068748448675,-35.725
,0.1240189135,-41.7875
,0.1067827146,-64.3425
,0.08177688864999999,-58.915
,0.10104033115,-52.747499999999995
,0.0784169797,-48.17000000000001
,0.09209414055,-38.3925
,0.181511609325,-32.01
,0.138913397425,-40.215
,0.10654234597500001,-37.7525
,0.14651141385,-39.760000000000005
,0.10439427355,-49.682500000000005
,0.09209414055,-39.635
,0.181511609325,-37.5075
,0.138913397425,-47.635
,0.10654234597500001,-44.49249999999999
,0.14651141385,-43.75
,0.10439427355,-46.315
,0.068748448675,-32.755
,0.1240189135,-41.97
,0.1067827146,-61.162499999999994
,0.08177688864999999,-55.777499999999996
,0.10104033115,-50.457499999999996
,0.0784169797,-51.235
,0.068748448675,-31.1625
,0.1240189135,-42.095
,0.1067827146,-56.162499999999994
,0.08177688864999999,-52.92249999999999
,0.10104033115,-48.165
,0.0784169797,-47.3275
,0.062986103275,-32.5375
,0.11362391797499999,-40.86
,0.09783241977500001,-57.487500000000004
,0.074922527775,-52.6175
,0.092571350375,-49.11
,0.071844239075,-46.1125
,0.073951340475,-33.917500000000004
,0.14575332089999998,-39.224999999999994
,0.11154707439999999,-54.5675
,0.08555320962499999,-51.86
,0.11764826057500001,-43.9875
,0.083828313275,-43.545
,0.068748448675,-25.3525
,0.1240189135,-41.55
,0.1067827146,-54.99
,0.08177688864999999,-53.51
,0.10104033115,-48.5975
,0.0784169797,-48.92
,0.068748448675,-20.407500000000002
,0.1240189135,-16.2275
,0.1067827146,-39.375
,0.08177688864999999,-37.88
,0.10104033115,-35.165
,0.0784169797,-44.945
,0.068748448675,-27.84
,0.1240189135,-18.325000000000003
,0.1067827146,-30.7125
,0.08177688864999999,-25.979999999999997
,0.10104033115,-23.705
,0.0784169797,-39.144999999999996
,0.062986103275,-29.674999999999997
,0.11362391797499999,-34.4975
,0.09783241977500001,-47.902499999999996
,0.074922527775,-45.165000000000006
,0.092571350375,-40.0225
,0.071844239075,-40.445
,0.05466899224999999,-24.595
,0.0986202474,-32.6075
,0.08491396534999998,-50.934999999999995
,0.065029250575,-50.065
,0.08034760325,-43.9675
,0.0623574398,-44.662499999999994
,0.058346200325,-31.789999999999996
,0.105253755025,-39.6425
,0.090625545425,-51.31
,0.06940332219999999,-48.9475
,0.08575203534999999,-47.4325
,0.066551797175,-44.7825
,0.05466899224999999,-25.9525
,0.0986202474,-35.8375
,0.08491396534999998,-52.762499999999996
,0.065029250575,-47.177499999999995
,0.08034760325,-43.6725
,0.0623574398,-44.3275
,0.051803595875,-18.6625
,0.09345120940000001,-35.035000000000004
,0.08046332235,-52.185
,0.061620836125,-49.615
,0.0761362995,-42.315
,0.0590890646,-43.197500000000005
,0.062986103275,-17.975
,0.11362391797499999,-8.845
,0.09783241977500001,-22.74
,0.074922527775,-22.165
,0.092571350375,-26.317500000000003
,0.071844239075,-32.192499999999995
,0.08224171315,-35.17
,0.16209311062499998,-31.87
,0.12405214619999999,-43.755
,0.095144218775,-40.185
,0.130837310625,-37.0075
,0.0932259517,-36.7175
,0.08224171315,-36.465
,0.16209311062499998,-43.3
,0.12405214619999999,-53.192499999999995
,0.095144218775,-46.4825
,0.130837310625,-44.385
,0.0932259517,-43.075
,0.068748448675,-32.425000000000004
,0.1240189135,-37.8325
,0.1067827146,-48.9825
,0.08177688864999999,-43.81
,0.10104033115,-43.412499999999994
,0.0784169797,-46.377500000000005
,0.058346200325,-26.1725
,0.105253755025,-37.6225
,0.090625545425,-48.1025
,0.06940332219999999,-44.8425
,0.08575203534999999,-41.337500000000006
,0.066551797175,-44.4125
,0.062986103275,-34.730000000000004
,0.11362391797499999,-41.375
,0.09783241977500001,-50.150000000000006
,0.074922527775,-45.912499999999994
,0.092571350375,-41.0
,0.071844239075,-42.567499999999995
,0.1169804,-31.8075
,0.2305608213,-41.5375
,0.1764514518,-54.215
,0.135332890775,-48.870000000000005
,0.18610265222500003,-45.7475
,0.13260435255,-48.205
,0.15018701637499998,-33.192499999999995
,0.34077737285000004,-29.4575
,0.25215491872499995,-40.19
,0.20353452772500003,-36.5925
,0.283481273925,-35.879999999999995
,0.17609498995,-46.435
,0.21265908335,-39.5075
,0.43456735405,-35.795
,0.36585438355,-45.8425
,0.314179692575,-39.215
,0.3811877958,-37.0125
,0.255066644275,-45.015
,0.21265908335,-32.825
,0.43456735405,-37.2425
,0.36585438355,-51.4075
,0.314179692575,-42.6775
,0.3811877958,-40.735
,0.255066644275,-44.7525
,0.21265908335,-34.8525
,0.43456735405,-44.0625
,0.36585438355,-69.4975
,0.314179692575,-49.925000000000004
,0.3811877958,-45.6575
,0.255066644275,-46.015
,0.21265908335,-35.394999999999996
,0.43456735405,-41.2975
,0.36585438355,-57.75
,0.314179692575,-50.5075
,0.3811877958,-45.215
,0.255066644275,-47.135
,0.21265908335,-31.049999999999997
,0.43456735405,-43.045
,0.36585438355,-64.235
,0.314179692575,-49.13249999999999
,0.3811877958,-43.89
,0.255066644275,-44.2325
,0.16865637577499998,-25.115000000000002
,0.38268472215,-33.5
,0.283163856225,-57.8825
,0.228564336675,-49.044999999999995
,0.3183425932,-41.185
,0.197750401425,-43.80499999999999
,0.16865637577499998,-28.9275
,0.38268472215,-21.48
,0.283163856225,-31.7575
,0.228564336675,-27.975
,0.3183425932,-22.7
,0.197750401425,-41.84
,0.16865637577499998,-29.17
,0.38268472215,-29.0875
,0.283163856225,-40.6725
,0.228564336675,-35.8775
,0.3183425932,-36.175000000000004
,0.197750401425,-40.9425
,0.16865637577499998,-32.015
,0.38268472215,-40.52
,0.283163856225,-57.78
,0.228564336675,-44.515
,0.3183425932,-40.535
,0.197750401425,-44.5825
,0.16865637577499998,-35.1225
,0.38268472215,-39.75
,0.283163856225,-53.2175
,0.228564336675,-46.9225
,0.3183425932,-41.485
,0.197750401425,-44.0975
,0.15018701637499998,-30.967499999999998
,0.34077737285000004,-39.647499999999994
,0.25215491872499995,-52.730000000000004
,0.20353452772500003,-48.292500000000004
,0.283481273925,-46.63249999999999
,0.17609498995,-44.905
,0.18855729325,-35.0425
,0.4278403056,-55.03750000000001
,0.31657629315,-68.09
,0.255534203425,-50.75
,0.35590600937499994,-44.0675
,0.22108432155,-46.205
,0.15018701637499998,-28.884999999999998
,0.34077737285000004,-18.5725
,0.25215491872499995,-35.75
,0.20353452772500003,-25.197499999999998
,0.283481273925,-25.78
,0.17609498995,-48.43
,0.16865637577499998,-19.035
,0.38268472215,-15.825
,0.283163856225,-37.5225
,0.228564336675,-30.839999999999996
,0.3183425932,-26.990000000000002
,0.197750401425,-45.599999999999994
,0.18855729325,-31.8975
,0.4278403056,-30.965
,0.31657629315,-43.89000000000001
,0.255534203425,-38.442499999999995
,0.35590600937499994,-36.33
,0.22108432155,-40.4575
,0.133284024325,-33.150000000000006
,0.30242414245,-33.7625
,0.22377581715,-46.275
,0.18062747095,-38.32
,0.251576507175,-39.9125
,0.15627615135,-43.6625
,0.133284024325,-26.8375
,0.30242414245,-35.805
,0.22377581715,-45.467499999999994
,0.18062747095,-39.5375
,0.251576507175,-39.2525
,0.15627615135,-45.87
,0.133284024325,-22.185
,0.30242414245,-32.6225
,0.22377581715,-45.404999999999994
,0.18062747095,-38.19
,0.251576507175,-39.4925
,0.15627615135,-39.114999999999995
,0.18855729325,-24.67
,0.4278403056,-32.325
,0.31657629315,-44.705
,0.255534203425,-42.9475
,0.35590600937499994,-39.07
,0.22108432155,-37.6525
,0.21265908335,-15.61
,0.43456735405,-26.814999999999998
,0.36585438355,-48.2975
,0.314179692575,-45.00749999999999
,0.3811877958,-40.714999999999996
,0.255066644275,-39.0675
,0.21265908335,-16.5725
,0.43456735405,-8.690000000000001
,0.36585438355,-21.72
,0.314179692575,-13.7075
,0.3811877958,-20.595
,0.255066644275,-38.295
,0.133284024325,-22.505
,0.30242414245,-17.0175
,0.22377581715,-32.315
,0.18062747095,-31.6125
,0.251576507175,-40.2575
,0.15627615135,-33.58
,0.118029812825,-23.905
,0.267812028325,-32.587500000000006
,0.19816491827500002,-47.525
,0.159954853325,-42.52
,0.22278384952500002,-40.4875
,0.13839051587499998,-36.877500000000005
,0.15018701637499998,-18.509999999999998
,0.34077737285000004,-35.1975
,0.25215491872499995,-41.802499999999995
,0.20353452772500003,-38.2975
,0.283481273925,-41.65
,0.17609498995,-36.832499999999996
,0.133284024325,-27.3325
,0.30242414245,-35.5175
,0.22377581715,-41.7975
,0.18062747095,-37.167500000000004
,0.251576507175,-39.0075
,0.15627615135,-35.61
,0.1169804,-21.7875
,0.2305608213,-29.365000000000002
,0.1764514518,-44.93
,0.135332890775,-40.13
,0.18610265222500003,-47.105000000000004
,0.13260435255,-40.2425
,0.16865637577499998,-30.7
,0.38268472215,-39.3675
,0.283163856225,-54.8925
,0.228564336675,-49.02
,0.3183425932,-48.74249999999999
,0.197750401425,-40.62
,0.118029812825,-17.295
,0.267812028325,-11.9025
,0.19816491827500002,-27.975
,0.159954853325,-29.4975
,0.22278384952500002,-38.02
,0.13839051587499998,-46.967499999999994
,0.118029812825,-26.765
,0.267812028325,-23.325
,0.19816491827500002,-39.2425
,0.159954853325,-37.667500000000004
,0.22278384952500002,-43.0475
,0.13839051587499998,-36.9225
,0.1169804,-19.564999999999998
,0.2305608213,-31.89
,0.1764514518,-42.085
,0.135332890775,-37.6025
,0.18610265222500003,-42.755
,0.13260435255,-40.147499999999994
,0.10363934760000001,-32.45
,0.2042664677,-40.142500000000005
,0.1563280117,-50.595
,0.11989882495,-42.235
,0.1648785391,-44.08
,0.11748146344999999,-38.11
,0.1169804,-33.302499999999995
,0.2305608213,-39.9075
,0.1764514518,-49.6425
,0.135332890775,-40.04
,0.18610265222500003,-42.27499999999999
,0.13260435255,-39.2525
,0.18855729325,-32.405
,0.4278403056,-42.2375
,0.31657629315,-62.155
,0.255534203425,-53.332499999999996
,0.35590600937499994,-52.980000000000004
,0.22108432155,-48.7275
,0.21265908335,-31.395000000000003
,0.43456735405,-46.91499999999999
,0.36585438355,-54.275
,0.314179692575,-45.042500000000004
,0.3811877958,-51.519999999999996
,0.255066644275,-43.3025
,0.18855729325,-29.307500000000005
,0.4278403056,-21.8975
,0.31657629315,-33.2325
,0.255534203425,-29.435000000000002
,0.35590600937499994,-39.1775
,0.22108432155,-43.61500000000001
,0.16865637577499998,-35.192499999999995
,0.38268472215,-32.1625
,0.283163856225,-45.2775
,0.228564336675,-33.335
,0.3183425932,-43.9875
,0.197750401425,-36.0775
,0.15018701637499998,-35.655
,0.34077737285000004,-40.82
,0.25215491872499995,-49.1075
,0.20353452772500003,-41.7775
,0.283481273925,-48.917500000000004
,0.17609498995,-42.86
,0.18855729325,-36.3125
,0.4278403056,-46.542500000000004
,0.31657629315,-61.0975
,0.255534203425,-55.4625
,0.35590600937499994,-59.9825
,0.22108432155,-46.68
,0.23514071147499999,-38.355000000000004
,0.480508404475,-46.89
,0.4045313217,-63.295
,0.34739375,-52.4425
,0.42148573265,-56.955
,0.28203146225,-48.00999999999999
,0.306087593375,-37.035000000000004
,0.6254878626,-45.8675
,0.526586901375,-68.38749999999999
,0.45220972657499997,-59.07
,0.5486568134500001,-62.864999999999995
,0.367126266375,-50.745000000000005
,0.23514071147499999,-41.71
,0.480508404475,-48.522499999999994
,0.4045313217,-65.7675
,0.34739375,-53.34250000000001
,0.42148573265,-56.852500000000006
,0.28203146225,-45.98
,0.28214058657499996,-33.19
,0.57655232165,-26.325
,0.485388955775,-37.730000000000004
,0.41683073845,-33.21
,0.5057322107,-39.7275
,0.33840385057500005,-49.269999999999996
,0.28214058657499996,-27.0675
,0.57655232165,-23.6575
,0.485388955775,-39.2575
,0.41683073845,-37.625
,0.5057322107,-46.525
,0.33840385057500005,-42.572500000000005
,0.23514071147499999,-32.25
,0.480508404475,-39.53
,0.4045313217,-53.885
,0.34739375,-42.4925
,0.42148573265,-44.2625
,0.28203146225,-36.93
,0.23514071147499999,-34.7125
,0.480508404475,-38.0275
,0.4045313217,-51.195
,0.34739375,-44.0025
,0.42148573265,-45.4225
,0.28203146225,-42.629999999999995
,0.258395360425,-27.1
,0.528029117175,-32.7125
,0.444538149,-42.165
,0.3817498579,-38.015
,0.46316929565,-49.760000000000005
,0.30992345325000004,-41.665
,0.258395360425,-32.74
,0.528029117175,-41.24250000000001
,0.444538149,-49.80500000000001
,0.3817498579,-39.897499999999994
,0.46316929565,-45.845000000000006
,0.30992345325000004,-39.9
,0.10363934760000001,0.5150000000000006
,0.2042664677,-24.705
,0.1563280117,-42.0425
,0.11989882495,-38.8125
,0.1648785391,-45.01499999999999
,0.11748146344999999,-46.892500000000005
,0.16865637577499998,-11.419999999999998
,0.38268472215,-3.1149999999999998
,0.283163856225,-13.6
,0.228564336675,-14.1625
,0.3183425932,-26.8175
,0.197750401425,-31.022499999999997
,0.15018701637499998,-22.03
,0.34077737285000004,-7.397499999999999
,0.25215491872499995,-31.192500000000003
,0.20353452772500003,-28.925
,0.283481273925,-42.195
,0.17609498995,-38.825
,0.18855729325,-24.224999999999998
,0.4278403056,-35.555
,0.31657629315,-46.324999999999996
,0.255534203425,-42.5275
,0.35590600937499994,-40.275000000000006
,0.22108432155,-36.65
,0.09209414055,-19.512499999999996
,0.181511609325,-27.302500000000002
,0.138913397425,-42.762499999999996
,0.10654234597500001,-40.0825
,0.14651141385,-46.42
,0.10439427355,-37.7825
,0.16865637577499998,-26.697499999999998
,0.38268472215,-33.3975
,0.283163856225,-45.72749999999999
,0.228564336675,-42.43
,0.3183425932,-44.7
,0.197750401425,-36.16
,0.15018701637499998,-26.0575
,0.34077737285000004,-32.515
,0.25215491872499995,-46.25749999999999
,0.20353452772500003,-46.607499999999995
,0.283481273925,-52.9775
,0.17609498995,-40.7925
,0.18855729325,-21.367500000000003
,0.4278403056,-29.3325
,0.31657629315,-48.464999999999996
,0.255534203425,-45.13
,0.35590600937499994,-46.5625
,0.22108432155,-36.7475
,0.28214058657499996,-28.3125
,0.57655232165,-19.8025
,0.485388955775,-34.8275
,0.41683073845,-32.2825
,0.5057322107,-44.3275
,0.33840385057500005,-38.52250000000001
,0.28214058657499996,-24.8975
,0.57655232165,-21.09
,0.485388955775,-38.61
,0.41683073845,-32.805
,0.5057322107,-42.7875
,0.33840385057500005,-35.644999999999996
,0.23514071147499999,-31.6875
,0.480508404475,-34.542500000000004
,0.4045313217,-51.535
,0.34739375,-45.927499999999995
,0.42148573265,-46.480000000000004
,0.28203146225,-39.2525
,0.258395360425,-34.765
,0.528029117175,-38.875
,0.444538149,-59.214999999999996
,0.3817498579,-53.24
,0.46316929565,-52.942499999999995
,0.30992345325000004,-41.2125
,0.258395360425,-34.872499999999995
,0.528029117175,-40.150000000000006
,0.444538149,-60.019999999999996
,0.3817498579,-58.722500000000004
,0.46316929565,-59.3675
,0.30992345325000004,-42.457499999999996
,0.258395360425,-38.7
,0.528029117175,-42.5275
,0.444538149,-60.0925
,0.3817498579,-56.1425
,0.46316929565,-56.974999999999994
,0.30992345325000004,-43.80500000000001
,0.28214058657499996,-38.0325
,0.57655232165,-39.807500000000005
,0.485388955775,-63.4675
,0.41683073845,-59.0775
,0.5057322107,-63.57
,0.33840385057500005,-42.4875
,0.306087593375,-38.865
,0.6254878626,-30.815
,0.526586901375,-39.834999999999994
,0.45220972657499997,-40.47
,0.5486568134500001,-47.9775
,0.367126266375,-45.415
,0.306087593375,-34.254999999999995
,0.6254878626,-32.165000000000006
,0.526586901375,-44.1225
,0.45220972657499997,-42.9525
,0.5486568134500001,-50.769999999999996
,0.367126266375,-44.084999999999994
,0.374120368,-35.005
,0.716467849675,-39.6275
,0.65811581195,-61.24249999999999
,0.5888358900749999,-48.435
,0.67573335045,-51.44499999999999
,0.462338494675,-40.9375
,0.3279326584,-34.76
,0.6280150098999999,-39.88
,0.576866928825,-59.785
,0.516140085625,-50.78
,0.5923094622,-57.99
,0.40525965592499996,-42.785000000000004
,0.21265908335,-40.095000000000006
,0.43456735405,-44.8975
,0.36585438355,-64.2375
,0.314179692575,-56.002500000000005
,0.3811877958,-58.402499999999996
,0.255066644275,-44.7675
,0.258395360425,-32.427499999999995
,0.528029117175,-41.8975
,0.444538149,-63.480000000000004
,0.3817498579,-56.74
,0.46316929565,-65.0275
,0.30992345325000004,-48.4675
,0.374120368,-36.825
,0.716467849675,-48.1
,0.65811581195,-61.7875
,0.5888358900749999,-54.925
,0.67573335045,-59.6125
,0.462338494675,-48.410000000000004
,0.46721131985000003,-34.1475
,0.7988692178250001,-28.42
,0.76764496785,-39.46
,0.6895753366,-37.625
,0.7790656352499999,-42.98
,0.560382615825,-44.28
,0.46721131985000003,-36.572500000000005
,0.7988692178250001,-30.6525
,0.76764496785,-45.647499999999994
,0.6895753366,-46.2725
,0.7790656352499999,-46.834999999999994
,0.560382615825,-43.525
,0.35131303947500003,-31.1025
,0.6727901484250001,-35.322500000000005
,0.6179953990999999,-50.24250000000001
,0.552938957575,-45.2425
,0.634538927825,-47.1975
,0.43415316485,-40.667500000000004
,0.396157007375,-36.155
,0.75866962485,-41.8375
,0.696880503825,-57.1925
,0.6235198188250001,-52.527499999999996
,0.715535760175,-57.32
,0.48957140564999996,-42.88
,0.35131303947500003,-26.122500000000002
,0.6727901484250001,-35.894999999999996
,0.6179953990999999,-50.0725
,0.552938957575,-49.795
,0.634538927825,-56.58
,0.43415316485,-43.22
,0.35131303947500003,-34.3775
,0.6727901484250001,-37.462500000000006
,0.6179953990999999,-48.182500000000005
,0.552938957575,-38.49
,0.634538927825,-46.185
,0.43415316485,-39.82
,0.3279326584,-25.665
,0.6280150098999999,-39.9825
,0.576866928825,-52.8325
,0.516140085625,-50.212500000000006
,0.5923094622,-63.285
,0.40525965592499996,-41.50750000000001
,0.3279326584,-37.5575
,0.6280150098999999,-22.634999999999998
,0.576866928825,-34.3675
,0.516140085625,-33.99
,0.5923094622,-43.7025
,0.40525965592499996,-40.667500000000004
,0.23514071147499999,-29.3375
,0.480508404475,-21.592499999999998
,0.4045313217,-36.4725
,0.34739375,-37.8775
,0.42148573265,-50.8925
,0.28203146225,-39.17
,0.306087593375,-33.015
,0.6254878626,-38.2575
,0.526586901375,-64.87
,0.45220972657499997,-59.144999999999996
,0.5486568134500001,-57.605
,0.367126266375,-42.1825
,0.3279326584,-21.8975
,0.6280150098999999,-37.5375
,0.576866928825,-54.9875
,0.516140085625,-43.222500000000004
,0.5923094622,-47.9075
,0.40525965592499996,-40.982499999999995
,0.374120368,-43.17
,0.716467849675,-46.112500000000004
,0.65811581195,-59.322500000000005
,0.5888358900749999,-43.575
,0.67573335045,-45.33
,0.462338494675,-37.885
,0.396157007375,-36.225
,0.75866962485,-42.302499999999995
,0.696880503825,-68.2725
,0.6235198188250001,-62.935
,0.715535760175,-66.235
,0.48957140564999996,-48.42
,0.35131303947500003,-34.72
,0.6727901484250001,-38.6375
,0.6179953990999999,-57.1025
,0.552938957575,-56.535000000000004
,0.634538927825,-58.0275
,0.43415316485,-43.4375
,0.3279326584,-33.917500000000004
,0.6280150098999999,-20.9725
,0.576866928825,-36.935
,0.516140085625,-38.49
,0.5923094622,-44.8275
,0.40525965592499996,-42.057500000000005
,0.35131303947500003,-35.045
,0.6727901484250001,-30.752500000000005
,0.6179953990999999,-43.642500000000005
,0.552938957575,-42.977500000000006
,0.634538927825,-48.9525
,0.43415316485,-41.5225
,0.417263796375,-35.3675
,0.799090668475,-39.197500000000005
,0.7340094943000001,-51.7025
,0.65674023645,-45.74250000000001
,0.7536586813,-47.7375
,0.515655206225,-41.4525
,0.48742957165,-33.355
,0.8334397394999999,-39.0375
,0.80086428135,-53.237500000000004
,0.719416239975,-49.97749999999999
,0.8127791703499999,-54.927499999999995
,0.584632792125,-42.715
,0.417263796375,-35.1625
,0.799090668475,-39.3225
,0.7340094943000001,-51.447500000000005
,0.65674023645,-47.86000000000001
,0.7536586813,-49.214999999999996
,0.515655206225,-40.3175
,0.374120368,-34.2275
,0.716467849675,-39.3925
,0.65811581195,-52.7175
,0.5888358900749999,-50.9925
,0.67573335045,-54.355000000000004
,0.462338494675,-44.115
,0.306087593375,-31.6375
,0.6254878626,-46.457499999999996
,0.526586901375,-55.277499999999996
,0.45220972657499997,-50.4625
,0.5486568134500001,-53.43
,0.367126266375,-44.59
,0.258395360425,-22.2775
,0.528029117175,-13.975
,0.444538149,-35.2475
,0.3817498579,-35.9875
,0.46316929565,-39.43
,0.30992345325000004,-43.5475
,0.23514071147499999,-37.6225
,0.480508404475,-32.615
,0.4045313217,-41.27
,0.34739375,-36.974999999999994
,0.42148573265,-39.120000000000005
,0.28203146225,-33.3625
,0.306087593375,-37.3725
,0.6254878626,-43.195
,0.526586901375,-66.2125
,0.45220972657499997,-53.4275
,0.5486568134500001,-57.3275
,0.367126266375,-41.8625
,0.3279326584,-31.402499999999996
,0.6280150098999999,-37.8575
,0.576866928825,-52.4075
,0.516140085625,-52.7125
,0.5923094622,-66.0125
,0.40525965592499996,-46.0775
,0.396157007375,-35.6275
,0.75866962485,-37.8275
,0.696880503825,-48.5375
,0.6235198188250001,-47.637499999999996
,0.715535760175,-54.3675
,0.48957140564999996,-40.815
,0.374120368,-37.625
,0.716467849675,-44.425
,0.65811581195,-75.3225
,0.5888358900749999,-56.675000000000004
,0.67573335045,-63.17
,0.462338494675,-42.3225
,0.35131303947500003,-30.8275
,0.6727901484250001,-27.705
,0.6179953990999999,-51.04
,0.552938957575,-50.2925
,0.634538927825,-70.115
,0.43415316485,-41.855000000000004
,0.3279326584,-30.3575
,0.6280150098999999,-2.6300000000000003
,0.576866928825,-30.747500000000002
,0.516140085625,-35.6025
,0.5923094622,-52.78
,0.40525965592499996,-44.099999999999994
,0.306087593375,-36.082499999999996
,0.6254878626,-16.542499999999997
,0.526586901375,-43.4175
,0.45220972657499997,-37.540000000000006
,0.5486568134500001,-46.39
,0.367126266375,-41.504999999999995
,0.258395360425,-39.760000000000005
,0.528029117175,-43.6775
,0.444538149,-62.730000000000004
,0.3817498579,-47.065000000000005
,0.46316929565,-45.61
,0.30992345325000004,-39.375
,0.306087593375,-36.480000000000004
,0.6254878626,-38.8275
,0.526586901375,-56.0675
,0.45220972657499997,-55.3225
,0.5486568134500001,-69.83
,0.367126266375,-46.987500000000004
,0.35131303947500003,-35.89
,0.6727901484250001,-36.465
,0.6179953990999999,-45.8375
,0.552938957575,-45.535
,0.634538927825,-55.8175
,0.43415316485,-46.9625
,0.417263796375,-34.8325
,0.799090668475,-36.3675
,0.7340094943000001,-47.095
,0.65674023645,-47.1875
,0.7536586813,-57.77
,0.515655206225,-39.027499999999996
,0.396157007375,-32.925
,0.75866962485,-31.6025
,0.696880503825,-44.295
,0.6235198188250001,-41.07
,0.715535760175,-49.582499999999996
,0.48957140564999996,-40.6475
,0.48742957165,-30.3125
,0.8334397394999999,-16.302500000000002
,0.80086428135,-32.1425
,0.719416239975,-36.505
,0.8127791703499999,-46.195
,0.584632792125,-41.6275
,0.48742957165,-28.487499999999997
,0.8334397394999999,-23.09
,0.80086428135,-39.23500000000001
,0.719416239975,-40.927499999999995
,0.8127791703499999,-51.177499999999995
,0.584632792125,-42.392500000000005
,0.5063868414,-20.444999999999997
,0.86585414925,-7.0975
,0.832011755775,-9.19
,0.747396010575,-19.275
,0.8443900424749999,-35.0525
,0.607370520975,-35.2375
